DROP TABLE EMP;
DROP TABLE DEPT;
DROP TABLE BONUS;
DROP TABLE SALGRADE;

CREATE TABLE DEPT(
        DEPTNO NUMBER(2),
        DNAME VARCHAR2(14),
        LOC VARCHAR2(13),
        CONSTRAINT dept_deptno_pk PRIMARY KEY (DEPTNO)
);

INSERT INTO DEPT VALUES (10,'ACCOUNTING','NEW YORK');
INSERT INTO DEPT VALUES (20,'RESEARCH','DALLAS');
INSERT INTO DEPT VALUES (30,'SALES','CHICAGO');
INSERT INTO DEPT VALUES (40,'OPERATIONS','BOSTON');

CREATE TABLE EMP(
        EMPNO NUMBER(4) NOT NULL,
        ENAME VARCHAR2(10),
        JOB VARCHAR2(9),
        MGR NUMBER(4),
        HIREDATE DATE,
        SAL NUMBER(7,2),
        COMM NUMBER(7,2),
        DEPTNO NUMBER(2),
        CONSTRAINT emp_empno_pk PRIMARY KEY (EMPNO),
        CONSTRAINT emp_deptno_fk FOREIGN KEY (DEPTNO) REFERENCES DEPT(DEPTNo)
);

INSERT INTO EMP VALUES (7369,'SMITH','CLERK',7902,'13-JUN-13',800,NULL,20);
INSERT INTO EMP VALUES (7499,'ALLEN','SALESMAN',7698,'15-AUG-13',1600,300,30);
INSERT INTO EMP VALUES (7521,'WARD','SALESMAN',7698,'26-MAR-14',1250,500,30);
INSERT INTO EMP VALUES (7566,'JONES','MANAGER',7839,'31-OCT-13',2975,NULL,20);
INSERT INTO EMP VALUES (7654,'MARTIN','SALESMAN',7698,'05-DEC-13',1250,1400,30);
INSERT INTO EMP VALUES (7698,'BLAKE','MANAGER',7839,'11-JUN-14',2850,NULL,30);
INSERT INTO EMP VALUES (7782,'CLARK','MANAGER',7839,'14-MAY-14',2450,NULL,10);
INSERT INTO EMP VALUES (7788,'SCOTT','ANALYST',7566,'05-MAR-14',3000,NULL,20);
INSERT INTO EMP VALUES (7839,'KING','PRESIDENT',NULL,'09-JUL-14',5000,NULL,10);
INSERT INTO EMP VALUES (7844,'TURNER','SALESMAN',7698,'04-JUN-14',1500,0,30);
INSERT INTO EMP VALUES (7876,'ADAMS','CLERK',7788,'04-JUN-14',1100,NULL,20);
INSERT INTO EMP VALUES (7900,'JAMES','CLERK',7698,'23-JUL-14',950,NULL,30);
INSERT INTO EMP VALUES (7902,'FORD','ANALYST',7566,'05-DEC-13',3000,NULL,20);
INSERT INTO EMP VALUES (7934,'MILLER','CLERK',7782,'21-NOV-13',1300,NULL,10);

CREATE TABLE BONUS(
        ENAME VARCHAR2(10),
        JOB VARCHAR2(9),
        SAL NUMBER,
        COMM NUMBER
);

CREATE TABLE SALGRADE( 
        GRADE NUMBER,
        LOSAL NUMBER,
        HISAL NUMBER 
);

INSERT INTO SALGRADE VALUES (1,700,1200);
INSERT INTO SALGRADE VALUES (2,1201,1400);
INSERT INTO SALGRADE VALUES (3,1401,2000);
INSERT INTO SALGRADE VALUES (4,2001,3000);
INSERT INTO SALGRADE VALUES (5,3001,9999);

COMMIT;

Select * from TAB;